year,company,via,title,category,kind,criminal,status,amount_usd_millions,counted_as_government_penalty_usd_millions,description,sources
1999,Roche,Hoffmann-La Roche,Global vitamin cartel: record US criminal fine,Blocking competition & gouging,US government,guilty plea,final,500,500,Hoffmann-La Roche pleaded guilty to leading a worldwide conspiracy to fix vitamin prices that affected more than $5 billion of US commerce. The fine was a record at the time.,US DOJ (1999) <https://www.justice.gov/archive/opa/pr/1999/May/196at.htm>
2001,Roche,,EU vitamin cartel fine (€462m),Blocking competition & gouging,Non-US government,,final,410,410,"The European Commission called Roche ""the prime mover and main beneficiary"" of the vitamin cartels and gave it the highest fine.",Swissinfo <https://www.swissinfo.ch/eng/eu-slaps-record-fine-on-roche-for-price-fixing/2381992>
2001,Takeda (incl. TAP),TAP (Takeda–Abbott JV),Lupron: free samples billed and kickbacks,Overcharging taxpayers,US government,guilty plea,final,875,875,"TAP pleaded guilty. It gave doctors free samples of the prostate-cancer drug, knowing they would be billed to Medicare, and offered other inducements. Then the largest health-care fraud settlement in US history.",US DOJ (2001) <https://www.justice.gov/archive/opa/pr/2001/October/513civ.htm>
2003,AstraZeneca,,Zoladex: free samples billed to Medicare,Overcharging taxpayers,US government,guilty plea,final,355,355,"AstraZeneca pleaded guilty. It gave doctors free samples of the prostate-cancer drug, knowing they would bill Medicare for them.",US DOJ (2003) <https://www.justice.gov/archive/opa/pr/2003/June/03_civ_371.htm>
2003,Bayer,,Cipro and Adalat: hiding the Kaiser discount from Medicaid,Overcharging taxpayers,US government,guilty plea,final,257,257,"Bayer pleaded guilty and paid $257 million, then the biggest Medicaid fraud recovery in US history. It sold ""private label"" Cipro and Adalat CC to the insurer Kaiser at low prices and did not report them as its best price, short-changing Medicaid rebates.",Bayer 6-K (SEC) <https://www.sec.gov/Archives/edgar/data/0001144145/000115697303001761/f00655e6vk.txt>
2004,Bristol Myers Squibb,,SEC: channel-stuffing accounting fraud,"Securities fraud, tax & other",US government,,final,150,150,BMS inflated sales and earnings by pushing about $1.5 billion of excess inventory onto wholesalers in 2000–01.,SEC <https://www.sec.gov/news/press/2004-105.htm>
2004,GSK,,New York sues over hidden Paxil child-trial data,Hiding harm & bad science,US government,,final,2.5,2.5,"New York’s Attorney General sued GSK for fraud, alleging it suppressed studies showing Paxil did not work in children and might raise suicidality. GSK settled for $2.5 million and agreed to post its trial results online.",BMJ <https://www.bmj.com/content/329/7466/590.5.full>; FDAnews <https://fdanews.com/articles/65861-gsk-pays-new-york-2-5-million-to-settle-paxil-suit>
2004,Merck & Co. (MSD),Schering-Plough,"Claritin: hidden ""best price"" and kickbacks",Overcharging taxpayers,US government,guilty plea,final,345.5,345.5,Schering Sales Corp. pleaded guilty to paying a kickback for favourable formulary treatment; the parent paid $293 million for under-reporting Claritin’s best price to Medicaid.,NPR <https://www.npr.org/2004/07/30/3806037/-345-million-settlement-in-claritin-marketing-case>
2004,Pfizer,Warner-Lambert / Parke-Davis,Neurontin off-label campaign,Illegal & misleading marketing,US government,guilty plea,final,430,430,"Warner-Lambert pleaded guilty and paid $430 million. The epilepsy add-on drug Neurontin had been promoted for unapproved uses such as bipolar disorder, pain and migraine, partly through paid ""consultant"" meetings and medical-education events.",US DOJ (2004) <https://www.justice.gov/archive/opa/pr/2004/May/04_civ_322.htm>
2005,AstraZeneca,,EU: misleading patent offices over Losec,Blocking competition & gouging,Non-US government,,final,65,65,"The European Commission found AstraZeneca gave ""deliberately misleading"" information to patent offices to extend protection for its ulcer drug, and deregistered products to block generics. Fine of €52.5 million after appeal, upheld by the EU Court of Justice in 2012.",BioPharm International <https://www.biopharminternational.com/view/eu-court-dismisses-astrazeneca-appeal>
2005,Bayer,,Baycol: cholesterol drug linked to about 100 deaths,Hiding harm & bad science,Private lawsuits,,final,1114,0,"Bayer withdrew the statin Baycol (Lipobay) in 2001 after deaths from rhabdomyolysis, a breakdown of muscle tissue. By February 2005 it had settled 2,938 cases for about $1.11 billion without admitting liability.",Bayer 20-F (SEC) <https://www.sec.gov/Archives/edgar/data/0001144145/000115697305000310/f00924e20vf.htm>
2005,Bristol Myers Squibb,,Deferred prosecution for securities fraud,"Securities fraud, tax & other",US government,deferred prosecution,final,300,300,BMS paid $300 million into a shareholder compensation fund and accepted a federal monitor.,NBC News <https://www.nbcnews.com/id/wbna8232237>
2005,Eli Lilly,,"Evista: off-label ""breast cancer prevention"" claims",Illegal & misleading marketing,US government,guilty plea,final,36,36,Lilly pleaded guilty to misbranding its osteoporosis drug by promoting it for breast-cancer and heart-disease prevention.,US DOJ (2005) <https://www.justice.gov/archive/opa/pr/2005/December/05_civ_685.html>
2006,Bayer,,Trasylol: a damaging study kept from FDA advisers,Hiding harm & bad science,No fine (scandal / investigation),,final,0,0,"At a September 2006 FDA advisory meeting on the safety of the heart-surgery drug Trasylol (aprotinin), Bayer did not mention its own study of 67,000 patients that pointed to serious risks. The FDA learned of it only after an outside researcher raised the alarm. Bayer later admitted the mistake.",PharmaTimes <https://pharmatimes.com/?p=18468>
2006,GSK,,Largest tax dispute in IRS history,"Securities fraud, tax & other",Tax dispute,,final,3400,0,"GSK paid about $3.4 billion to settle a transfer-pricing dispute over how much profit it booked in the US. This is a tax settlement, not a penalty, so it is not counted in the totals.",IRS <https://www.irs.gov/pub/irs-news/ir-06-142.pdf>
2006,Merck & Co. (MSD),Schering-Plough,Temodar & Intron A off-label; Claritin pricing,Illegal & misleading marketing,US government,guilty plea,final,435,435,Schering Sales Corp. pleaded guilty to conspiracy to make false statements. The $435 million also covered illegal promotion of cancer drugs and pricing fraud.,Phillips & Cohen <https://www.phillipsandcohen.com/schering-plough-will-pay-435-million-to-settle-civil-and-criminal-charges/>
2007,Bristol Myers Squibb,,"Kickbacks, off-label Abilify, price inflation",Kickbacks & bribery,US government,,final,515,515,Consulting fees and resort trips for doctors; promotion of Abilify for children and dementia-related psychosis; inflated wholesale prices.,KKC <https://kkc.com/news/bristol-myers-squibb-to-pay-515-million-for-doctor-kickback-scheme>
2007,Bristol Myers Squibb,,Lied to the FTC about a secret Plavix deal,Blocking competition & gouging,US government,guilty plea,final,1,1,BMS pleaded guilty to two counts of false statements. A senior executive had made a secret side-promise to the generic maker Apotex and hid it from the FTC. The CEO was ousted.,US DOJ (2007) <https://www.justice.gov/archive/opa/pr/2007/May/07_at_388.html>
2007,Eli Lilly,,Zyprexa: weight gain and diabetes lawsuits,Hiding harm & bad science,Private lawsuits,,final,1200,0,"About 32,000 claims alleged that Lilly played down Zyprexa’s links to obesity and diabetes. Internal documents leaked to the New York Times in 2006 put the issue on the front page.",Psychiatric News <https://psychnews.psychiatryonline.org/doi/10.1176/pn.42.3.0001a>
2007,Merck & Co. (MSD),,Vioxx heart-attack lawsuits,Hiding harm & bad science,Private lawsuits,,final,4850,0,"Merck paid $4.85 billion to settle about 27,000 lawsuits from roughly 47,000 plaintiffs over heart attacks and strokes linked to Vioxx. An FDA scientist estimated 88,000–140,000 excess cases of serious heart disease in the US.",CNN Money <https://money.cnn.com/2007/11/09/news/companies/merck_vioxx/>; Nature (Graham estimate) <https://www.nature.com/news/2005/050124/full/news050124-4.html>
2007,Purdue Pharma (Sackler family),,OxyContin: lied about addiction risk,Opioids,US government,guilty plea,final,634.5,634.5,Purdue’s parent and three executives pleaded guilty to misbranding OxyContin as less addictive and less prone to abuse than other opioids. The executives received probation.,JURIST <https://www.jurist.org/news/2007/05/oxycontin-maker-pleads-guilty-to/>
2007,Sanofi,Aventis,Anzemet: inflated wholesale prices,Overcharging taxpayers,US government,,final,190,190,"Aventis allegedly inflated the ""average wholesale price"" of its chemotherapy anti-nausea drug (1997–2004), driving up Medicare and Medicaid payments.",US DOJ (2007) <https://www.justice.gov/archive/opa/pr/2007/September/07_civ_694.html>
2008,Bayer,,Glucose meters: cash for switching patients,Kickbacks & bribery,US government,,final,97.5,97.5,Bayer HealthCare allegedly paid 11 diabetic-supply companies to move their Medicare patients onto Bayer meters and test strips.,Healthcare Finance News <https://www.healthcarefinancenews.com/news/bayer-healthcare-pay-975m-settle-kickbacks-case>
2008,Eli Lilly,,Zyprexa: 32 states + DC,Illegal & misleading marketing,US government,,final,62,62,Multistate consumer-protection settlement over Zyprexa marketing.,Delaware DOJ <https://news.delaware.gov/2008/10/07/department-of-justice-announces-record-settlement-with-eli-lilly-in-drug-marketing-case/>
2008,Merck & Co. (MSD),,"Medicaid ""best price"" fraud: Zocor, Vioxx, Pepcid",Overcharging taxpayers,US government,,final,650,650,"Merck labelled deep hospital discounts as ""nominal"" prices to keep them out of the Medicaid rebate calculation, and allegedly paid doctors disguised as ""training"" fees.",US DOJ (2008) <https://www.justice.gov/opa/pr/2008/February/08_civ_094.html>
2008,Teva (incl. Cephalon),Cephalon (acquired 2011),"Actiq (fentanyl lollipop), Gabitril, Provigil off-label",Illegal & misleading marketing,US government,guilty plea,final,425,425,"Cephalon pleaded guilty to promoting drugs, including a fentanyl lozenge meant for cancer pain, for unapproved uses.",US DOJ (2008) <https://www.justice.gov/opa/pr/2008/September/08-civ-860.html>
2009,Eli Lilly,,Zyprexa off-label: $1.415 billion,Illegal & misleading marketing,US government,guilty plea,final,1415,1415,Lilly pleaded guilty to promoting the antipsychotic for elderly dementia and other unapproved uses. The $515 million criminal fine was then the largest ever against a single company in a US criminal case.,US DOJ (2009) <https://www.justice.gov/archive/opa/pr/2009/January/09-civ-038.html>
2009,Merck & Co. (MSD),,"Australia: fake journal and a doctor ""hit list""",Hiding harm & bad science,No fine (scandal / investigation),,final,0,0,"Evidence in an Australian Federal Court Vioxx class action showed Merck had paid Elsevier to publish the ""Australasian Journal of Bone & Joint Medicine"", which looked peer-reviewed but was not. Internal emails listed critical doctors to ""neutralise"" or ""discredit""; one said ""we may need to seek them out and destroy them where they live"".",ABC News <https://abcnews.go.com/Health/Drugs/story?id=7577646>; BMJ <https://doi.org/10.1136/bmj.b1432>
2009,Novo Nordisk,,Kickbacks to Saddam’s government (Oil-for-Food),Kickbacks & bribery,US government,deferred prosecution,final,18,18,"About $1.4 million in kickbacks paid, and more agreed, to win Iraqi insulin contracts in 2000–03.",SEC <https://www.sec.gov/litigation/litreleases/2009/lr21033.htm>
2009,Pfizer,Pharmacia & Upjohn,Bextra + 12 other drugs: record $2.3 billion,Illegal & misleading marketing,US government,guilty plea,final,2300,2300,"Then the largest health-care fraud settlement in US history. Pfizer’s Pharmacia & Upjohn unit pleaded guilty over promotion of the painkiller Bextra and paid a $1.195 billion criminal fine, then the largest ever imposed in the US. Civil claims covered Geodon, Zyvox, Lyrica and kickbacks involving nine more drugs.",Pfizer 8-K (SEC) <https://www.sec.gov/Archives/edgar/data/0000078003/000007800309000189/pf8k0909.htm>; ABC News <https://abcnews.com/Business/pfizer-fined-23-billion-illegal-marketing-off-label/story?id=8477617>
2009,Pfizer,,"Trovan trial on children in Kano, Nigeria",Hiding harm & bad science,Non-US government,,final,75,75,"During a 1996 meningitis epidemic, Pfizer tested the experimental antibiotic Trovan on about 200 children. Eleven died and others were reportedly left disabled. Pfizer settled with Kano State for $75 million without admitting liability.",Al Jazeera <https://www.aljazeera.com/news/2009/12/21/nigerians-await-pfizer-settlement>
2010,AbbVie,Allergan (acquired 2020),Botox off-label promotion,Illegal & misleading marketing,US government,guilty plea,final,600,600,"Allergan pleaded guilty. It had promoted Botox for headache, pain and other unapproved uses, paid doctors to sit on ""advisory boards"", and created a supposedly independent ""education"" group.",US DOJ (2010) <https://www.justice.gov/opa/pr/2010/September/10-civ-988.html>
2010,AstraZeneca,,"Seroquel: off-label for sleep, anger, dementia",Illegal & misleading marketing,US government,,final,520,520,"The largest civil-only off-label settlement at the time. It covered promotion of the antipsychotic for aggression, Alzheimer’s, anger management, anxiety, ADHD, dementia and sleeplessness.",US Attorney ED Pa <https://www.justice.gov/archive/usao/pae/News/2010/apr/astrazeneca_release2.pdf>
2010,GSK,,"Contaminated and mis-dosed drugs from Cidra, Puerto Rico",Faked data & dirty factories,US government,guilty plea,final,750,750,"A GSK subsidiary pleaded guilty to a felony. The factory shipped non-sterile products, Paxil CR tablets that could lack active ingredient, and Avandamet tablets that were super- or sub-potent. The whistleblower, a quality manager, received $96 million.",NBC News <https://www.nbcnews.com/health/health-news/drug-maker-pay-750-million-defective-meds-flna1c9473316>
2010,Johnson & Johnson,Ortho-McNeil,"Topamax ""Doctor-for-a-Day"" off-label scheme",Illegal & misleading marketing,US government,guilty plea,final,81,81,Outside doctors were paid to ride along with sales reps and promote the epilepsy drug Topamax for psychiatric uses.,FBI Boston <https://www.fbi.gov/boston/press-releases/2010/bs042910.htm>
2010,Novartis,,Trileptal off-label + kickbacks on six drugs,Illegal & misleading marketing,US government,guilty plea,final,422.5,422.5,Novartis pleaded guilty to misbranding the epilepsy drug Trileptal and resolved kickback claims involving five other drugs.,Tampa Bay Times <https://www.tampabay.com/archive/2010/10/01/whistle-blower-cost-422-5m/>
2010,Pfizer,,Neurontin racketeering (RICO) verdict,Illegal & misleading marketing,Private lawsuits,,final,142,0,"A federal jury found Pfizer had run a racketeering enterprise to market Neurontin fraudulently. The damages were trebled to $142 million for the health insurer Kaiser, and the US Supreme Court declined Pfizer’s appeal.",Community Catalyst <https://communitycatalyst.org/posts/jury-finds-pfizer-committed-fraud-and-racketeering-through-off-label-neurontin-promotions-awards-142-million-pal/>
2011,AstraZeneca,,Seroquel: 38 US states,Illegal & misleading marketing,US government,,final,68.5,68.5,Multistate settlement over deceptive Seroquel marketing.,Fierce Pharma <https://www.fiercepharma.com/pharma/az-resolves-state-seroquel-cases-68-5m-deal>
2011,Johnson & Johnson,,"Bribing doctors in Greece, Poland, Romania; Iraq kickbacks",Kickbacks & bribery,US government,deferred prosecution,final,70,70,$21.4 million criminal penalty (deferred prosecution) plus $48.6 million to the SEC.,SEC <https://www.sec.gov/news/press/2011/2011-87.htm>
2011,Merck & Co. (MSD),,Vioxx illegal promotion: guilty plea,Illegal & misleading marketing,US government,guilty plea,final,950,950,Merck pleaded guilty to promoting Vioxx for rheumatoid arthritis before approval and paid $321.6 million in criminal fines plus $628.4 million civil. The civil part included allegations of false statements about Vioxx’s cardiovascular safety.,US DOJ <https://www.justice.gov/archives/opa/pr/us-pharmaceutical-company-merck-sharp-dohme-pay-nearly-one-billion-dollars-over-promotion>
2012,AbbVie,Abbott Laboratories,Depakote for dementia patients: $1.5 billion,Illegal & misleading marketing,US government,guilty plea,final,1500,1500,"Abbott pleaded guilty. It had a sales force dedicated to marketing the anti-seizure drug Depakote to nursing homes to control agitated elderly dementia patients, an unapproved use. $700 million criminal fine and forfeiture, $800 million civil.",US Attorney WD Va <https://www.justice.gov/archive/usao/vaw/news/abbott_07may2012.html>
2012,Amgen,,Aranesp: off-label doses,Illegal & misleading marketing,US government,guilty plea,final,762,762,"Amgen pleaded guilty. It had promoted higher doses than the label allowed, and use in cancer patients not on chemotherapy, which later proved dangerous.",BioPharm International <https://www.biopharminternational.com/view/amgen-pay-762-million-settlement>
2012,Bayer,,Yaz and Yasmin: blood-clot lawsuits,Hiding harm & bad science,Private lawsuits,,final,402.6,0,"By mid-2012 Bayer had paid about $403 million to settle roughly 1,900 lawsuits claiming its birth-control pills caused blood clots. Thousands more cases followed.",Fierce Pharma <https://www.fiercepharma.com/regulatory/bayer-settles-yasmin-suits-for-212k-each-402m-total>
2012,Eli Lilly,,"SEC foreign bribery charges: Brazil, China, Poland, Russia",Kickbacks & bribery,US government,,final,29.4,29.4,Improper payments by four overseas subsidiaries between 1994 and 2009.,SEC <https://www.sec.gov/news/press/2012/2012-273.htm>
2012,GSK,,"Paxil, Wellbutrin, Avandia: $3 billion",Illegal & misleading marketing,US government,guilty plea,final,3000,3000,"GSK pleaded guilty to promoting Paxil for under-18s, promoting Wellbutrin for unapproved uses, and failing to report Avandia safety data to the FDA. The civil part also covered kickbacks and false ""best price"" reports. Then the largest health-care fraud settlement in US history.",Bricker Graydon <https://www.brickergraydon.com/insights/publications/GlaxoSmithKline-LLC-to-Pay-the-Largest-Health-Care-Fraud-Settlement-in-U-S-History>
2012,Johnson & Johnson,,Texas Medicaid: Risperdal,Illegal & misleading marketing,US government,,final,158,158,"Settled mid-trial after Texas alleged J&J illegally marketed the antipsychotic Risperdal, including for children.",Texas Tribune <https://www.texastribune.org/2012/01/19/state-settles-largest-ever-medicaid-fraud-suit/>
2012,Pfizer,,"Foreign bribery (FCPA): Bulgaria, Croatia, Kazakhstan, Russia",Kickbacks & bribery,US government,deferred prosecution,final,60,60,Payments to doctors at state hospitals and to officials. $15 million criminal penalty (deferred prosecution) plus $45 million to the SEC.,CHEManager <https://www.chemanager-online.com/en/news/pfizer-settles-foreign-bribery-case-with-us-government>
2012,Roche,,"EMA: 80,000 unassessed side-effect reports",Hiding harm & bad science,No fine (scandal / investigation),,final,0,0,"Inspectors found that about 80,000 reports from a US patient-support programme, including 15,161 patient deaths, had not been assessed to see whether they were adverse drug reactions. The EMA opened a formal infringement procedure.",PharmaFile <https://pharmafile.com/news/roche-failed-investigate-80000-safety-incidents>
2012,Sanofi,,Hyalgan: free product as kickbacks,Kickbacks & bribery,US government,,final,109,109,"Free units of a knee injection allegedly given to doctors to induce purchases, plus false average-sales-price reports.",US Attorney Mass. <https://www.justice.gov/archive/usao/ma/news/2012/December/SanofiPR.html>
2013,Johnson & Johnson,Janssen / Scios,"Risperdal, Invega, Natrecor: $2.2 billion",Illegal & misleading marketing,US government,guilty plea,final,2200,2200,"Janssen pleaded guilty to misbranding Risperdal. It had been promoted for elderly dementia patients and children, and the company paid kickbacks to doctors and to Omnicare, the largest US nursing-home pharmacy. Then the third-largest health-care fraud settlement in US history.",Mintz <https://www.mintz.com/insights-center/viewpoints/2013-11-06-jj-will-pay-22-billion-and-enter-5-year-cia-settle-label-and>
2013,Merck & Co. (MSD),with Schering-Plough,Vytorin ENHANCE: delayed bad trial results,Hiding harm & bad science,Private lawsuits,,final,688,0,Investors sued after Merck and Schering-Plough sat on the ENHANCE trial for about two years. The trial showed Vytorin did no better than cheap simvastatin at reducing artery plaque.,BLB&G <https://www.blbglaw.com/news/updates/2013-02-14-blbg-recovers-688-million-from-merck-and-schering-plough-in-securities-fraud-litigation>
2013,Novartis,,Japan: manipulated Diovan research,Faked data & dirty factories,No fine (scandal / investigation),,final,0,0,"University studies of the blood-pressure drug Diovan were found to rest on manipulated data, and a Novartis employee had secretly helped with the statistics. A Japanese court accepted that the data were manipulated but acquitted, ruling that a research paper is not ""advertising"" under the law.",Fierce Pharma <https://www.fiercepharma.com/pharma/judge-japan-lets-novartis-off-hook-advertising-scandal>
2013,Pfizer,Wyeth,Rapamune off-label promotion,Illegal & misleading marketing,US government,guilty plea,final,491,491,"Wyeth pleaded guilty to misbranding. Sales reps had been trained to push the kidney-transplant drug Rapamune for other, unapproved transplant uses.",RAPS <https://www.raps.org/resource/wyeth-agrees-to-pay-491-million-to-resolve-federa.html>
2013,Ranbaxy (now Sun Pharma),,Faked data and adulterated generics,Faked data & dirty factories,US government,guilty plea,final,500,500,"Ranbaxy USA pleaded guilty to seven felonies, including making false statements to the FDA, for making and selling adulterated drugs from two Indian factories.",GaBI <https://gabionline.net/generics/news/Ranbaxy-pays-US-500-million-to-resolve-US-litigation>
2013,Sanofi,Genzyme,"Seprafilm ""slurry"": civil",Illegal & misleading marketing,US government,,final,22.3,22.3,"Sales reps taught surgeons to turn an anti-adhesion film into an unapproved liquid ""slurry"".",HHS-OIG <https://oig.hhs.gov/fraud/enforcement/genzyme-corp-to-pay-2228-million-to-resolve-false-claims-allegations-related-to-slurry-used-in-patients>
2014,Endo,,Lidoderm patch off-label,Illegal & misleading marketing,US government,deferred prosecution,final,192.7,192.7,Endo promoted a patch approved only for shingles pain for other kinds of pain. Deferred prosecution agreement plus civil settlements.,HHS-OIG <https://oig.hhs.gov/fraud/enforcement/endo-pharmaceuticals-and-endo-health-solutions-to-pay-1927-million-to-resolve-criminal-and-civil-liability-relating-to-marketing-of-prescription-drug-lidoderm-for-unapproved-uses>
2014,GSK,,"China: ""massive bribery network"" (¥3 billion)",Kickbacks & bribery,Non-US government,conviction,final,489,489,"A Chinese court convicted GSK China of bribing doctors and hospitals and imposed the largest fine in Chinese corporate history. Its British head, Mark Reilly, received a suspended three-year sentence and was deported.",BioSpectrum Asia <https://www.biospectrumasia.com/news/48/5666/gsk-fined-490m-in-chinese-bribery-scandal.html>
2014,Novartis,,Italy: Avastin/Lucentis collusion (€92m),Blocking competition & gouging,Non-US government,,final,127,127,Novartis’s share of the Italian fine for colluding with Roche to favour the far more expensive Lucentis.,Healio <https://www.healio.com/news/ophthalmology/20140305/italian-agency-fines-novartis-roche-180-million-euros-for-manipulation-of-pharmaceutical-market>
2014,Roche,,Tamiflu: the data finally comes out,Hiding harm & bad science,No fine (scandal / investigation),,final,0,0,"After a campaign of more than four years by Cochrane and the BMJ, Roche released all 77 clinical study reports. The review then found no good evidence that Tamiflu reduces hospital admissions or complications. The UK alone had spent about £424 million on stockpiles.",Scientific American <https://www.scientificamerican.com/article/flu-drug-stockpiling-reported-to-be-a-waste-of-money/>; Goldacre / CEBM <https://www.cebm.net/announcement/ben-goldacre-tamiflu-saga-tells-us-drug-trials-big-pharma/>
2014,Roche,,Italy: Avastin/Lucentis collusion (€90.5m),Blocking competition & gouging,Non-US government,,final,125,125,"Italy’s competition authority found that Roche and Novartis colluded to steer eye doctors from cheap Avastin to Lucentis, which costs up to about 30 times more per injection. Upheld after the EU Court of Justice ruled in 2018.",Healio <https://www.healio.com/news/ophthalmology/20140305/italian-agency-fines-novartis-roche-180-million-euros-for-manipulation-of-pharmaceutical-market>
2015,Bristol Myers Squibb,,SEC foreign bribery charges (China),Kickbacks & bribery,US government,,final,14.7,14.7,Cash and gifts to doctors at state hospitals in exchange for prescriptions.,SEC <https://www.sec.gov/news/press-release/2015-229>
2015,Gilead Sciences,,"Sovaldi: $1,000 a pill, priced to ""maximise revenue""",Blocking competition & gouging,No fine (scandal / investigation),,final,0,0,"An 18-month Senate Finance Committee investigation found Gilead set the hepatitis C cure at $84,000 a course to maximise revenue, and that broad, affordable access was not a key consideration. Medicare spent $8.2 billion on Sovaldi and Harvoni in 18 months.",US Senate Finance Committee <https://www.finance.senate.gov/ranking-members-news/wyden-grassley-sovaldi-investigation-finds-revenue-driven-pricing-strategy-behind-84-000-hepatitis-drug>
2015,Johnson & Johnson,McNeil Consumer,Children’s Tylenol with metal particles,Faked data & dirty factories,US government,guilty plea,final,25,25,McNeil pleaded guilty after shipping infants’ and children’s liquid medicines contaminated with nickel and chromium particles. Prosecutors said it knew of the problem for about a year.,PharmTech <https://www.pharmtech.com/view/mcneil-hit-25-million-fine-adulterated-medications>
2015,Novartis,,Kickbacks to specialty pharmacies,Kickbacks & bribery,US government,,final,390,390,Novartis gave pharmacies rebates and patient referrals in return for pushing refills of Exjade and Myfortic.,IndustryWeek <https://www.industryweek.com/regulations/novartis-fined-390-million-over-pharmacy-kickbacks>
2015,Sanofi,Genzyme,"Seprafilm ""slurry"": criminal",Illegal & misleading marketing,US government,deferred prosecution,final,32.6,32.6,Deferred prosecution agreement over the same unapproved use. The conduct ended before Sanofi bought Genzyme.,US DOJ <https://www.justice.gov/opa/pr/genzyme-corporation-pay-325-million-resolve-criminal-liability-relating-seprafilm>
2015,Takeda (incl. TAP),,Actos bladder-cancer lawsuits,Hiding harm & bad science,Private lawsuits,,final,2370,0,"In 2014 a jury found Takeda had hidden cancer risks and awarded $9 billion in punitive damages against Takeda and Lilly, later cut to $36.8 million. Takeda then settled about 9,000 cases.",Takeda <https://www.takeda.com/en-us/newsroom/news-releases/2015/takeda-agrees-to-settle-actos-product-liability-lawsuits-and-claims-takeda-stresses-continued-commitment-to-actos/>
2015,Teva (incl. Cephalon),Cephalon,Provigil pay-for-delay: FTC record,Blocking competition & gouging,US government,,final,1200,1200,Cephalon paid four generic makers about $300 million to delay cheaper versions of its sleep drug. The settlement was the FTC’s largest ever.,FTC <https://www.ftc.gov/news-events/news/press-releases/2015/05/ftc-settlement-cephalon-pay-delay-case-ensures-12-billion-ill-gotten-gains-relinquished-refunds-will>
2015,Valeant (now Bausch Health),,"Bought two heart drugs, raised prices 525% and 212% the same day",Blocking competition & gouging,No fine (scandal / investigation),,final,0,0,Valeant bought Isuprel and Nitropress from Marathon in February 2015 and raised their prices the same day. A US Senate committee later investigated the strategy.,STAT <https://www.statnews.com/pharmalot/2016/05/02/valeant-nitropress-isuprel-heart-drugs/>
2016,AstraZeneca,,SEC foreign bribery charges: China and Russia,Kickbacks & bribery,US government,,final,5.5,5.5,"Sales staff gave cash, gifts and other incentives to doctors at state hospitals.",STAT <https://www.statnews.com/pharmalot/2016/08/31/astrazeneca-bribes-china-russia/>
2016,GSK,,UK pay-for-delay: paroxetine (£37.6m),Blocking competition & gouging,Non-US government,,final,54,54,"Between 2001 and 2004 GSK paid more than £50 million to would-be generic rivals to stay out of the market. When generics finally arrived, prices fell 70%. The fine was upheld on appeal.",Pharmaceutical Journal <https://pharmaceutical-journal.com/article/news/gsk-fined-37-6m-for-pay-for-delay-paroxetine-deals>
2016,GSK,,SEC foreign bribery charges (China),Kickbacks & bribery,US government,,final,20,20,"The SEC’s related case over payments to Chinese doctors through travel agencies and ""speaker"" events.",Fierce Pharma <https://www.fiercepharma.com/pharma/gsk-hands-sec-20m-to-put-china-bribery-charges-to-rest>
2016,Merck & Co. (MSD),,Vioxx shareholder class action,Hiding harm & bad science,Private lawsuits,,final,830,0,Merck settled investor claims that it misled the market about Vioxx’s cardiovascular risks.,Merck <https://www.merck.com/news/merck-resolves-previously-disclosed-securities-class-action-lawsuit-related-to-vioxx/>
2016,Novartis,,SEC foreign bribery charges (China),Kickbacks & bribery,US government,,final,25,25,"Chinese subsidiaries were accused of giving doctors cash, gifts and trips to boost sales.",The Pharma Letter <https://www.thepharmaletter.com/pharmaceutical/novartis-agrees-to-pay-25-million-in-sec-settlement-of-bribery-charges-in-china>
2016,Pfizer,Wyeth,Protonix Medicaid rebate fraud,Overcharging taxpayers,US government,,final,784.6,784.6,"Wyeth was alleged to have hidden deep hospital discounts on its heartburn drug Protonix from Medicaid’s ""best price"" calculation (2001–06), underpaying rebates.",HHS-OIG <https://oig.hhs.gov/fraud/enforcement/wyeth-and-pfizer-agree-to-pay-7846-million-to-resolve-lawsuit-alleging-that-wyeth-underpaid-drug-rebates-to-medicaid>
2016,Pfizer,,Celebrex/Bextra shareholder suit,Hiding harm & bad science,Private lawsuits,,final,486,0,Pfizer settled a class action brought by investors who said it had concealed the cardiovascular risks of its COX-2 painkillers.,Fierce Pharma <https://www.fiercepharma.com/pharma/pfizer-s-bextra-settlement-tagged-at-486m>
2016,Roche,Genentech (with OSI),Tarceva: misleading efficacy claims,Illegal & misleading marketing,US government,,final,67,67,Genentech and OSI allegedly told doctors the lung-cancer drug Tarceva worked in patients for whom there was little evidence: those who had smoked and did not have an EGFR mutation.,US DOJ <https://www.justice.gov/opa/pr/pharmaceutical-companies-pay-67-million-resolve-false-claims-act-allegations-relating-tarceva>
2016,Teva (incl. Cephalon),,"Bribery in Russia, Ukraine and Mexico",Kickbacks & bribery,US government,deferred prosecution,final,519,519,Then the largest foreign-bribery penalty ever paid by a drug company.,SEC <https://www.sec.gov/news/press-release/2016-277>
2017,Bristol Myers Squibb,Celgene (acquired 2019),Thalomid/Revlimid off-label promotion,Illegal & misleading marketing,US government,,final,280,280,Whistleblower case alleging off-label cancer promotion and payments to doctors. Celgene denied wrongdoing.,Pharma Manufacturing <https://www.pharmamanufacturing.com/industrynews/2017/celgene-settles-cancer-med-fraud-suit-for-280-million/>
2017,Mallinckrodt,Questcor,Acthar: buying up the only rival,Blocking competition & gouging,US government,,final,100,100,"The FTC said Questcor bought the US rights to Synacthen, the one drug that threatened its monopoly on Acthar Gel, whose price it had raised from $40 to more than $34,000 a vial.",Pharmaphorum <https://pharmaphorum.com/news/mallincrodt-pays-us-authorities-100m-pricing-case>
2017,Mylan / Viatris,,EpiPen misclassified to dodge Medicaid rebates,Overcharging taxpayers,US government,,final,465,465,"Mylan classified EpiPen as a generic to pay smaller rebates, while raising the price of a two-pack from about $100 in 2007 to about $600 in 2016.",BioSpace <https://www.biospace.com/mylan-finalizes-465-million-epipen-settlement>
2017,Novo Nordisk,,Victoza: thyroid-cancer warning downplayed,Illegal & misleading marketing,US government,,final,58.65,58.65,Sales reps allegedly gave doctors misleading information about the FDA-required warning on the risk of a rare thyroid cancer.,US DOJ <https://www.justice.gov/opa/pr/novo-nordisk-agrees-pay-58-million-failure-comply-fda-mandated-risk-program>
2017,Sanofi,,Philippines: Dengvaxia,Hiding harm & bad science,No fine (scandal / investigation),,final,0,0,"About 830,000 Filipino children were vaccinated in 2016. In 2017 Sanofi disclosed the vaccine could cause more severe dengue in people never previously infected. Philippine prosecutors filed charges against Sanofi officials and former health officials. Sanofi denies wrongdoing; vaccine confidence in the country collapsed.",Becker’s <https://www.beckershospitalreview.com/pharmacy/sanofi-faces-new-charges-in-dengue-vaccine-case>
2018,AbbVie,,"AndroGel ""sham litigation"" (money overturned)",Blocking competition & gouging,US government,,overturned,448,0,"A court found AbbVie filed baseless patent suits to keep generic testosterone gel off the market and ordered $448 million in relief. The appeals court upheld the finding of wrongdoing in 2020 but struck the money, ruling the FTC lacked power to seek it. Not counted.",PolicyMed <https://policymed.com/2020/10/court-of-appeals-overturns-448-million-disgorgement-against-abbvie-revives-ftc-reverse-payment-claim.html>
2018,AstraZeneca,,Texas Medicaid: Seroquel and Crestor,Illegal & misleading marketing,US government,,final,110,110,$90 million over off-label Seroquel promotion and $20 million over allegedly misrepresenting the benefits of Crestor. Texas had sought $5 billion. AstraZeneca denied wrongdoing.,CNBC <https://www.cnbc.com/2018/08/08/astrazeneca-settles-texas-drug-lawsuits-for-110-million.html>
2018,Pfizer,,"Kickbacks via ""independent"" copay charities",Kickbacks & bribery,US government,,final,23.85,23.85,"Pfizer allegedly used a charity foundation as a conduit to pay Medicare patients’ copays for its own drugs, which shields patients from high prices while Medicare pays the bill.",US DOJ <https://www.justice.gov/archives/opa/pr/drug-maker-pfizer-agrees-pay-2385-million-resolve-false-claims-act-liability-paying-kickbacks>
2018,Sanofi,,"SEC foreign bribery charges: Kazakhstan, Middle East",Kickbacks & bribery,US government,,final,25.2,25.2,Payments to government and private officials to win tenders and prescriptions.,GIR <https://globalinvestigationsreview.com/just-anti-corruption/article/sec-penalises-sanofi-payments-government-and-private-sector-officials>
2019,Amgen,,Copay charity kickbacks,Kickbacks & bribery,US government,,final,24.75,24.75,Amgen allegedly used charities as conduits to pay Medicare copays for its own drugs.,Pharma Manufacturing <https://www.pharmamanufacturing.com/industrynews/2019/amgen-astellas-to-pay-125m-in-charity-kickback-probe>
2019,Bayer,,Xarelto bleeding lawsuits (Bayer’s half of $775m),Hiding harm & bad science,Private lawsuits,,final,387.5,0,"About 25,000 lawsuits over bleeding risks of the anticoagulant, settled with J&J. No admission of liability.",CNBC <https://www.cnbc.com/2019/03/25/bayer-jj-settle-blood-thinner-xarelto-litigation-for-775-million.html>
2019,Insys Therapeutics,,Fentanyl spray bribery: founder jailed,Opioids,US government,guilty plea,final,225,225,"Insys paid doctors through sham ""speaker programmes"" to prescribe Subsys, a fentanyl spray. Founder John Kapoor was convicted of racketeering conspiracy and sentenced in 2020 to 66 months, one of the very few pharma executives jailed.",WBUR <https://www.wbur.org/news/2020/01/23/insys-john-kapoor-bribery-trial-sentencing>
2019,Johnson & Johnson,,Xarelto bleeding lawsuits (J&J’s half of $775m),Hiding harm & bad science,Private lawsuits,,final,387.5,0,"About 25,000 lawsuits over bleeding risks of the anticoagulant were settled for $775 million, split with Bayer. No admission of liability.",CNBC <https://www.cnbc.com/2019/03/25/bayer-jj-settle-blood-thinner-xarelto-litigation-for-775-million.html>
2019,Johnson & Johnson,,"Oklahoma opioid ""public nuisance"" judgment (overturned)",Opioids,US government,,overturned,465,0,"A judge ordered J&J to pay for fuelling Oklahoma’s opioid crisis (initially $572 million, then reduced). The Oklahoma Supreme Court reversed the judgment in 2021, so it is not counted.",OPB <https://www.opb.org/article/2021/11/09/oklahoma-court-overturns-465m-opioid-ruling-against-j-j>
2019,Novartis,,Zolgensma: manipulated data not disclosed before approval,Faked data & dirty factories,No fine (scandal / investigation),,final,0,0,AveXis knew of manipulated animal-testing data by March 2019 but told the FDA only after the $2.1 million gene therapy was approved in May. The FDA later took no enforcement action.,BioSpace <https://www.biospace.com/fda-ends-zolgensma-data-manipulation-investigation-places-no-penalties-on-novartis>
2020,AbbVie,,"Humira ""nurse ambassadors"" (California)",Kickbacks & bribery,US government,,final,24,24,A whistleblower case claimed AbbVie gave doctors free nurse services and other perks to drive Humira prescriptions. Settled with California’s Insurance Commissioner without admitting wrongdoing.,California Dept of Insurance <https://www.insurance.ca.gov/0400-news/0100-press-releases/2020/release071-2020.cfm>
2020,Bayer,,Essure contraceptive implant (device),Hiding harm & bad science,Private lawsuits,,final,1600,0,"Bayer agreed to pay $1.6 billion to resolve about 90% of 39,000 US claims from women who said the metal coil implant caused pain, bleeding and failed to prevent pregnancy. Bayer stopped selling it in 2018.",Al Jazeera <https://www.aljazeera.com/amp/economy/2020/8/20/bayer-agrees-to-pay-1-6bn-to-settle-us-essure-claims>
2020,Novartis,Sandoz,Generic price-fixing (Sandoz),Blocking competition & gouging,US government,deferred prosecution,final,195,195,"Sandoz admitted conspiring with rivals in 2013–15 to fix prices and rig bids on generic drugs, under a deferred prosecution agreement.",CNBC <https://www.cnbc.com/2020/03/02/novartis-subsidiary-sandoz-to-pay-195-million-over-antitrust-allegations.html>
2020,Novartis,"Novartis Hellas, Alcon","Bribery in Greece, Vietnam and South Korea",Kickbacks & bribery,US government,deferred prosecution,final,347,347,"Novartis Hellas paid a $225 million criminal penalty, Novartis AG paid $112.8 million to the SEC, and Alcon paid $8.9 million.",Fierce Pharma <https://www.fiercepharma.com/pharma/novartis-inks-settlements-worth-347m-doj-sec-over-foreign-doctor-payments-records-keeping>
2020,Novartis,,"Tens of thousands of sham ""speaker programmes""",Kickbacks & bribery,US government,,final,678,678,"Prosecutors said Novartis spent more than $100 million on meals, fishing trips, golf and wine tastings dressed up as educational events between 2002 and 2011.",US Attorney SDNY <https://www.justice.gov/usao-sdny/pr/acting-manhattan-us-attorney-announces-678-million-settlement-fraud-lawsuit-against>
2020,Novartis,,Copay charities as kickback conduits,Kickbacks & bribery,US government,,final,51.25,51.25,"Novartis allegedly used three foundations to funnel money to Medicare patients taking its own drugs, including Gilenya.",US Attorney Mass. <https://www.justice.gov/usao-ma/pr/novartis-agrees-pay-over-51-million-resolve-allegations-it-paid-kickbacks-through-co-pay>
2020,Novartis,,France: Avastin/Lucentis (overturned),Blocking competition & gouging,Non-US government,,overturned,455,0,"Novartis’s share of the €444 million French fine, annulled by the Paris Court of Appeal in 2023. Not counted.",French Competition Authority <https://www.autoritedelaconcurrence.fr/en/press-release/treatment-amd-autorite-fines-3-laboratories-abusive-practices>
2020,Purdue Pharma (Sackler family),,Second guilty plea: three federal felonies,Opioids,US government,guilty plea,final,8300,225,"Purdue pleaded guilty to defrauding the US and violating anti-kickback laws. Most of the $8.3 billion was a claim in bankruptcy, not cash; about $225 million was paid directly, and only that is counted here.",Al Jazeera <https://www.aljazeera.com/economy/2020/10/21/purdue-pharma-to-pay-8-3bn-to-settle-doj-opiod-crisis-probes>
2020,Roche,,France: Avastin/Lucentis (overturned),Blocking competition & gouging,Non-US government,,overturned,70,0,"Part of a €444 million French fine on Novartis, Roche and Genentech. The Paris Court of Appeal annulled it in 2023, so it is not counted.",Pharmaphorum <https://pharmaphorum.com/news/french-court-overturns-eu444m-fine-novartis-roche>
2020,Sanofi,,France: Depakine manslaughter investigation,Hiding harm & bad science,No fine (scandal / investigation),,final,0,0,Sanofi was formally placed under investigation over claims it did not adequately warn of the risk to unborn children from valproate (Depakine) taken in pregnancy. Sanofi contests the case.,Sanofi 20-F (SEC) <https://www.sec.gov/Archives/edgar/data/1121404/000119312519068926/d614161d20f.htm>
2020,Teva (incl. Cephalon),,EU pay-for-delay: modafinil (€60.5m),Blocking competition & gouging,Non-US government,,final,72,72,The European Commission fined Teva and Cephalon for a deal that delayed a generic version of the sleep drug.,Herbert Smith Freehills <https://www.hsfkramer.com/notes/crt/2020-11/the-european-commission-fines-cephalon-and-teva-e60-5-million-in-its-fourth-pay-for-delay-decision>
2020,Valeant (now Bausch Health),,SEC: hidden Philidor pharmacy and inflated revenue,"Securities fraud, tax & other",US government,,final,45,45,"Valeant improperly booked revenue through Philidor, a mail-order pharmacy it secretly controlled, and did not disclose the relationship to investors.",SEC <https://sec.gov/news/press-release/2020-169>
2021,AbbVie,,"Humira: 132 patents, a 470% price rise, and a 1% tax trick",Blocking competition & gouging,No fine (scandal / investigation),,final,0,0,"Congressional investigators found Humira’s list price rose about 470% and that executive bonuses were tied to Humira revenue. AbbVie’s 132-patent ""thicket"" kept US biosimilars out until 2023, five years after Europe; courts found this legal. The Senate Finance Committee said AbbVie booked about 1% of its taxable income in the US in 2020 despite making most of its sales there.",Endpoints <https://endpts.com/house-committee-uncovers-how-humiras-price-spiked-by-470-as-abbvie-execs-cashed-bonuses-tied-to-the-hikes>; Petrie-Flom <https://petrieflom.law.harvard.edu/2021/01/06/abbvie-humira-antitrust-patent-thicket/>; Fierce Pharma (tax) <https://www.fiercepharma.com/pharma/senate-democrats-zero-abbvies-tax-strategy-attempt-roll-back-company-friendly-measures-trump>
2021,Johnson & Johnson,,National opioid settlement,Opioids,US government,,final,5000,5000,"J&J agreed to pay up to $5 billion to US states and localities over its opioid business, as part of a $26 billion deal with the three big drug distributors. It admitted no wrongdoing.",J&J statement <https://www.jnj.com/johnson-johnson-statement-on-nationwide-opioid-settlement-agreement>
2021,Johnson & Johnson,,Talc: Ingham verdict paid,Hiding harm & bad science,Private lawsuits,,final,2100,0,A St. Louis jury awarded $4.69 billion to 22 women who said asbestos in J&J talc caused their ovarian cancer. On appeal it was cut to about $2.1 billion; the US Supreme Court declined to hear J&J’s appeal in 2021 and the company paid.,CNBC <https://www.cnbc.com/2021/06/01/supreme-court-rejects-johnson-johnsons-appeal-of-2-billion-baby-powder-penalty.html>
2021,Valeant (now Bausch Health),,Shareholder class action over Philidor,"Securities fraud, tax & other",Private lawsuits,,final,1210,0,The largest securities class-action settlement against a drug company at the time.,Robbins Geller <https://www.rgrdlaw.com/news-item-Valeant-Investors-Achieve-Record-1-21-Billion-Recovery.html>
2022,AbbVie,Allergan,Allergan opioid settlement,Opioids,US government,,final,2370,2370,"Allergan, the former maker of Kadian and Norco, agreed to pay up to $2.37 billion to states and localities.",California AG <https://oag.ca.gov/node/555738>
2022,Johnson & Johnson,Ethicon (devices),Australia: pelvic mesh class action (A$300m),Hiding harm & bad science,Private lawsuits,,final,205,0,"Australia’s Federal Court found J&J/Ethicon negligent over vaginal mesh implants and found it had breached consumer law, a ruling upheld on appeal. The A$300 million settlement for more than 11,000 women is the largest product-liability class action settlement in Australian history.",Lawyers Weekly <https://www.lawyersweekly.com.au/biglaw/35484-300m-settlement-reached-in-mesh-class-actions>
2022,Mallinckrodt,,Acthar: underpaid Medicaid rebates,Overcharging taxpayers,US government,,final,233.7,233.7,Mallinckrodt allegedly underpaid Medicaid rebates on Acthar Gel from 2013 to 2020. The settlement was joined by every US state and paid over seven years.,US Attorney Mass. <https://www.justice.gov/usao-ma/pr/mallinckrodt-agrees-pay-nearly-234-million-resolve-allegations-related-price-increases>
2022,Teva (incl. Cephalon),,Opioid settlement,Opioids,US government,,final,4250,4250,"Up to $4.25 billion over 13 years, including about $1.2 billion worth of the overdose-reversal drug naloxone.",Tennessee AG <https://www.tn.gov/attorneygeneral/news/2022/7/26/pr22-26.html>
2022,Vyera / Martin Shkreli,,Daraprim: price hiked from $17.50 to $750 a pill,Blocking competition & gouging,US government,,final,64.6,64.6,A court banned Martin Shkreli from the drug industry for life and ordered him to repay $64.6 million for illegally blocking generic competition to the toxoplasmosis drug. An appeals court upheld the ban in 2024.,California AG <https://www.oag.ca.gov/news/press-releases/attorney-general-bonta-announces-lifetime-ban-against-%E2%80%98pharma-bro-martin-shkreli>
2023,Mallinckrodt,,"Opioids: $1.7 billion promised, $700 million paid",Opioids,US government,,final,1700,700,"Mallinckrodt promised about $1.7 billion in its first bankruptcy (2020–22). In a second bankruptcy in 2023 it paid a final $250 million instead, leaving victims about $1 billion short. Only the $700 million actually paid is counted.",Fierce Pharma <https://www.fiercepharma.com/pharma/after-opioid-settlement-mallinckrodt-says-it-cant-make-payments-and-files-2nd-bankruptcy>
2023,Novo Nordisk,,Suspended by the UK industry body for two years,Illegal & misleading marketing,No fine (scandal / investigation),,final,0,0,"The ABPI suspended Novo Nordisk UK after it sponsored weight-loss courses ""clearly linked"" to promoting Saxenda, among other serious code breaches. The suspension was later lifted.",ABPI <https://www.abpi.org.uk/media/news/2023/march/novo-nordisk-is-suspended-from-abpi-membership>
2023,Teva (incl. Cephalon),,Generic price-fixing: criminal,Blocking competition & gouging,US government,deferred prosecution,final,225,225,Deferred prosecution agreement and forced sale of a generic drug business. The fine was among the largest ever for a domestic US antitrust cartel.,CNBC <https://www.cnbc.com/2023/08/21/teva-glenmark-enter-deferred-prosecution-deal-with-doj-over-price-fixing.html>
2024,AstraZeneca,,China: country president detained,Kickbacks & bribery,No fine (scandal / investigation),,final,0,0,"Chinese authorities detained AstraZeneca’s China president. The company also disclosed investigations into staff over medical-insurance fraud, data collection and drug imports. Investigations were ongoing at the time of reporting.",Fierce Pharma <https://www.fiercepharma.com/pharma/astrazenecas-china-president-faces-ongoing-investigation-authorities-country>
2024,Endo,,"Opana ER: guilty plea, paid out of bankruptcy",Opioids,US government,guilty plea,final,2000,464.9,"Endo pleaded guilty to misbranding the opioid Opana ER and agreed to more than $2 billion in criminal and civil penalties. Because Endo was bankrupt, the government will receive up to $464.9 million over 10 years, and only that is counted.",US DOJ <https://www.justice.gov/opa/pr/opioid-manufacturer-endo-health-solutions-inc-agrees-global-resolution-criminal-and-civil>
2024,GSK,,"Zantac cancer lawsuits (~80,000 cases)",Hiding harm & bad science,Private lawsuits,,final,2200,0,"GSK agreed to pay up to $2.2 billion to settle about 93% of US state-court claims that the heartburn drug Zantac (ranitidine) could degrade into the probable carcinogen NDMA. GSK admits no liability, and the science on cancer risk remains disputed.",Fierce Pharma <https://www.fiercepharma.com/pharma/resolve-80000-zantac-cases-gsk-will-pony-22b>
2024,Pfizer,,UK phenytoin price gouging (£63m),Blocking competition & gouging,Non-US government,,final,80,80,"The UK competition regulator found that Pfizer raised the NHS price of an old epilepsy drug by 780–1,600% after a ""de-branding"" deal with Flynn Pharma. The original 2016 fine was quashed on appeal; the regulator re-imposed it in 2022, and the Competition Appeal Tribunal upheld liability in 2024.",UK Government <https://gov.uk/government/news/tribunal-fines-drug-firms-69m-for-excessive-pricing-after-cma-investigation>
2024,Sanofi,,"Zantac lawsuits (~4,000)",Hiding harm & bad science,Private lawsuits,,final,100,0,Settled without admitting liability. The science on cancer risk remains disputed.,Fierce Pharma <https://www.fiercepharma.com/pharma/sanofis-zantac-settlement-was-100m-or-25k-claimant-bloomberg-report>
2024,Teva (incl. Cephalon),,Copaxone copay kickbacks + price-fixing,Kickbacks & bribery,US government,,final,450,450,Teva allegedly funnelled money through charities to cover Medicare patients’ copays for Copaxone while repeatedly raising its price.,HHS-OIG <https://oig.hhs.gov/fraud/enforcement/drug-maker-teva-pharmaceuticals-agrees-to-pay-450m-in-false-claims-act-settlement-to-resolve-kickback-allegations-relating-to-copayments-and-price-fixing>
2024,Teva (incl. Cephalon),,EU: patent misuse and disparaging a rival (€462.6m),Blocking competition & gouging,Non-US government,,final,502,502,The European Commission found Teva artificially extended Copaxone’s patent protection and spread misleading claims about a competing product.,Slaughter and May <https://www.slaughterandmay.com/insights/new-insights/competition-and-regulatory-newsletter-european-commission-fines-teva-462-6-million-over-patent-system-misuse-and-competitor-disparagement/>
2025,Bristol Myers Squibb,,Hawaii: Plavix and Asian/Pacific Islander patients,Hiding harm & bad science,US government,,final,350,350,"Hawaii won $834 million and then $916 million in court, arguing that BMS and Sanofi knew Plavix worked less well in many East Asian and Pacific Islander patients but did not update the label. The companies settled for $700 million while appealing; this is BMS’s half.",Insurance Journal <https://amp.insurancejournal.com/news/west/2025/05/12/823332.htm>
2025,Gilead Sciences,,HIV drugs: speaker-programme kickbacks,Kickbacks & bribery,US government,,final,202,202,Gilead resolved whistleblower allegations that it used speaker programmes to pay doctors to prescribe its HIV medicines.,A&O Shearman <https://www.aoshearman.com/en/insights/ao-shearman-on-investigations/record-breaking-us-doj-year>
2025,Johnson & Johnson,Janssen,HIV drugs Prezista & Intelence: $1.64 billion judgment,Illegal & misleading marketing,US government,,appeal,1640,0,"After a whistleblower trial, a federal judge found a ""deliberate and calculated scheme"" of off-label promotion, including calling Prezista ""lipid-neutral"". The judgment covers 159,574 false claims. Janssen has appealed, so it is not counted yet.",Fierce Pharma <https://www.fiercepharma.com/marketing/judge-levies-164b-penalty-johnson-johnson-hiv-drug-marketing-case>
2025,Johnson & Johnson,,Talc: $966 million Los Angeles verdict,Hiding harm & bad science,Private lawsuits,,appeal,966,0,"A jury found J&J liable for the mesothelioma death of a woman who had used its baby powder for decades, including $950 million in punitive damages. J&J says the product is asbestos-free and is appealing.",California Courts Newsroom <https://newsroom.courts.ca.gov/news/la-jury-awards-966m-talc-verdict-against-jj>
2025,Johnson & Johnson,,"Third talc bankruptcy (""Texas two-step"") rejected",Hiding harm & bad science,No fine (scandal / investigation),,final,0,0,"A Houston bankruptcy judge dismissed the Red River Talc case, J&J’s third attempt to resolve talc claims for about $9 billion through a subsidiary’s bankruptcy. J&J says it will fight the cases in court instead.",Bailey Glasser <https://www.baileyglasser.com/news-bg-wins-dismissal-of-Johnson-and-Johnson-third-bankruptcy>
2025,Pfizer,Biohaven,Nurtec speaker-programme kickbacks,Kickbacks & bribery,US government,,final,59.7,59.7,"Before Pfizer bought it, Biohaven allegedly paid doctors speaker fees and bought them lavish meals to induce prescriptions of its migraine drug.",Mayer Brown FCA review <https://www.mayerbrown.com/en/insights/publications/2025/10/a-false-claims-act-fy-2025-year-in-review>
2025,Purdue Pharma (Sackler family),,Bankruptcy plan: Sacklers pay up to $6.5 billion,Opioids,US government,,final,7400,7400,"Confirmed in November 2025 after the US Supreme Court rejected an earlier plan in 2024. The Sackler family pays up to $6.5 billion and Purdue $900 million. Purdue is restructured into a new company devoted to opioid abatement, and the Sacklers give up ownership.",NY Attorney General <https://ag.ny.gov/press-release/2025/attorney-general-james-secures-approval-purdue-bankruptcy-plan>
2025,Sanofi,,Hawaii: Plavix (Sanofi’s half),Hiding harm & bad science,US government,,final,350,350,Sanofi’s share of the $700 million settlement over Plavix’s reduced effect in many Asian and Pacific Islander patients.,Insurance Journal <https://amp.insurancejournal.com/news/west/2025/05/12/823332.htm>
2026,Eli Lilly,,Medicaid rebate fraud judgment (Streck) now final,Overcharging taxpayers,US government,,final,183.7,183.7,A jury found Lilly knowingly left retroactive price increases out of its Medicaid rebate calculations; damages were trebled to $183.7 million (about $220 million with interest). The US Supreme Court declined review in 2026.,Goodwin <https://www.goodwinlaw.com/en/insights/publications/2026/06/alerts-lifesciences-hltc-supreme-court-declines-review-220-judgment-eli-lilly>
2026,Takeda (incl. TAP),,Trintellix kickbacks to doctors,Kickbacks & bribery,US government,,final,13.67,13.67,Takeda allegedly paid kickbacks to health-care providers to induce prescriptions of its antidepressant.,US DOJ <https://www.justice.gov/opa/pr/takeda-agrees-pay-136m-resolve-false-claims-allegations-relating-improper-payments>
